<fate map="level 12" author="shark" weapon="hook">
  <!-- important details -->
  <background file="default"/>
  <next level="endGame"/>
  
  <!-- actual map -->
  <ball c="YELLOW" x="200" y="200" vx="50" vy="50" r="m"/>
  <ball c="LBLUE" x="40" y="150" vx="0" vy="0" r="s"/>
  <ball c="ORANGE" x="60" y="130" vx="50" vy="0" r="l"/>
  <ball c="ORANGE" x="420" y="130" vx="-50" vy="0" r="m"/>
  <ball c="LBLUE" x="440" y="150" vx="0" vy="0" r="s"/>

  <ball c="YELLOW" x="280" y="200" vx="-75" vy="10" r="s"/>
  <user x="240" y="0"/>
  <mech h="1"/>
</fate>

